assignment_id,feedback
3J2UYBXQQN22VSMQP1AEQ452Q8B06Z,We are sorry that we have to reject your HIT because you failed the test questions.
37ZHEEHM6YCHGKZSRYXPYG35OV973U,We are sorry that we have to reject your HIT because you failed the test questions.
32KTQ2V7RF5MGPVVCD0O8B3HJCJM96,We are sorry that we have to reject your HIT because you failed the test questions.
3T3IWE1XG8DWLJ212CCMGKOYNKATQR,We are sorry that we have to reject your HIT because you failed the test questions.
3DEL4X4EL8BCB227YWUDI9C6ZPFYXI,We are sorry that we have to reject your HIT because you failed the test questions.
3TU5ZICBRFRDNZADZE1RPOSB97PQ8Z,We are sorry that we have to reject your HIT because you failed the test questions.
304SM51WA5U82DNXUUA6BQXDZ10SBU,We are sorry that we have to reject your HIT because you failed the test questions.
3WSELTNVR5S4Y3VKDGF0QK9TJ2SAT5,We are sorry that we have to reject your HIT because you failed the test questions.
3JW0YLFXRV6TXX2H9QG3VTDJFFCWWR,We are sorry that we have to reject your HIT because you failed the test questions.
3W8CV64QJ4P0OBUKLGKBG6VL2QBH9J,We are sorry that we have to reject your HIT because you failed the test questions.
39KFRKBFIPLPHTOFX57HZWLDNLBOY4,We are sorry that we have to reject your HIT because you failed the test questions.
30JNVC0ORBA6GAB62IVX21LACQPQHO,We are sorry that we have to reject your HIT because you failed the test questions.
3PPTZCWALSAS7VB0841428PF8GUQZ2,We are sorry that we have to reject your HIT because you failed the test questions.
3O6CYIULEFRG5TDCEQ12D5SMUZ1WUS,We are sorry that we have to reject your HIT because you failed the test questions.
3RRCEFRB7O2P0SLM4TEODNH7LLTB42,We are sorry that we have to reject your HIT because you failed the test questions.
3LWJHTCVCECM2EK07S7XZG9XWBCQFQ,We are sorry that we have to reject your HIT because you failed the test questions.
3DHE4R9OCY1BOVEAG1NELJB6HKU2GJ,We are sorry that we have to reject your HIT because you failed the test questions.
3A4TN5196M82M91NX0U2IWWT8BOCH5,We are sorry that we have to reject your HIT because you failed the test questions.
3TESA3PJ3301N9EP1M4TDX91JBLMM0,We are sorry that we have to reject your HIT because you failed the test questions.
3N1FSUEFL7QIFPJ6IP5U8D57O68D4E,We are sorry that we have to reject your HIT because you failed the test questions.
3VA45EW49PDSRNDCLG08L9A3G0BO1F,We are sorry that we have to reject your HIT because you failed the test questions.
3TPWUS5F8BRKJZWCSZG2JZ6GNZVCWZ,We are sorry that we have to reject your HIT because you failed the test questions.
3LS2AMNW5HGG8RXT6VQNMAIBOCUOQ1,We are sorry that we have to reject your HIT because you failed the test questions.
3RGU30DZTCYBM184YPR1X5HKFHMMJS,We are sorry that we have to reject your HIT because you failed the test questions.
3LUY3GC631QON94FPWUWBJ66TRW7P1,We are sorry that we have to reject your HIT because you failed the test questions.
3Q5ZZ9ZEVQ5OUDRFFMDORDXKDB6585,We are sorry that we have to reject your HIT because you failed the test questions.
3GD6L00D3UN4RKS080LVT5LYL0VM1X,We are sorry that we have to reject your HIT because you failed the test questions.
3PZDLQMM0VBY7JY5EFRVVSQRJSYC2F,We are sorry that we have to reject your HIT because you failed the test questions.
3DYGAII7PNYYTR9ULV32BAN1YHTPQM,We are sorry that we have to reject your HIT because you failed the test questions.
3ERET4BTVOZRQ1VSR1N8TYBDU7F9KF,We are sorry that we have to reject your HIT because you failed the test questions.
3XXU1SWE8OL3IUYTFERQ697OMRQA0O,We are sorry that we have to reject your HIT because you failed the test questions.
3G2UL9A02F4GD3MAA0VN5JFPYM867W,We are sorry that we have to reject your HIT because you failed the test questions.
3EKVH9QME0U8CB4JEBM6FY894S92D4,We are sorry that we have to reject your HIT because you failed the test questions.
3K4J6M3CXGJ0TY9ETGGTR1U4T8JGA1,We are sorry that we have to reject your HIT because you failed the test questions.
3QY5DC2MXTAEU7RHO1R29H6MZWBFUD,We are sorry that we have to reject your HIT because you failed the test questions.
3JZQSN0I3S0VPPQM4W2L525VQOUFGB,We are sorry that we have to reject your HIT because you failed the test questions.
3NL0RFNU0HDQTVPGA6RHCQ0X8F5K4Y,We are sorry that we have to reject your HIT because you failed the test questions.
39JEC7537WR74AW72PB6XXN2GQPVC4,We are sorry that we have to reject your HIT because you failed the test questions.
392CY0QWG3HZN0ZSA365ZALKGBG4I7,We are sorry that we have to reject your HIT because you failed the test questions.
3OE22WJIGKEBLWHQ2H2WLGA06YKUQM,We are sorry that we have to reject your HIT because you failed the test questions.
3NG53N1RLX9SNN9YZ1M2PJ214B28PP,We are sorry that we have to reject your HIT because you failed the test questions.
39ASUFLU6ZXE5XLGYVIJB6KQHDGEXP,We are sorry that we have to reject your HIT because you failed the test questions.
3H7Z272LX9XN2UTHTQV6UOO7OB1PLS,We are sorry that we have to reject your HIT because you missed more than 3 questions.
3A1PQ49WVJ7IZ6RPH35I10D24ENH1A,We are sorry that we have to reject your HIT because you missed more than 3 questions.
31LVTDXBL908E79W6IZVZJOMPT3LRU,We are sorry that we have to reject your HIT because you missed more than 3 questions.
3SPJ033423TBGIXIHSFCR04ROR0YJU,We are sorry that we have to reject your HIT because you missed more than 3 questions.
3S0TNUHWKV8JYQ68USV7PPLCQS1D8I,We are sorry that we have to reject your HIT because you missed more than 3 questions.
3FE7TXL1LKD21K8OJXSQFXF8N7XQ2W,We are sorry that we have to reject your HIT because you missed more than 3 questions.
34S9DKFK75F7Z8O3WQ74K7L8XBDYN6,We are sorry that we have to reject your HIT because you missed more than 3 questions.
3ZSANO2JCHXYFUZDZWW2UGOYEZNSF7,We are sorry that we have to reject your HIT because you missed more than 3 questions.
3LOZAJ85YF3MAH905BNI95B1KAO2X9,We are sorry that we have to reject your HIT because you missed more than 3 questions.
3MYYFCXHJ5XLR9TXKF62EY841YN4GE,We are sorry that we have to reject your HIT because you missed more than 3 questions.
3HMIGG0U4NWMW11ZQOIL2AVD8GF8YT,We are sorry that we have to reject your HIT because you missed more than 3 questions.
3PS7W85Z81SQTKLFLA10UPY9DK79TM,We are sorry that we have to reject your HIT because you missed more than 3 questions.
3K772S5NPA1HJ7L1TR0X8KWWTNUEHT,We are sorry that we have to reject your HIT because you missed more than 3 questions.
379J5II41Q6J534RKCFV0CP3A4YLE2,We are sorry that we have to reject your HIT because you missed more than 3 questions.
3F0BG9B9MRDIWNWGGJQFOAZIXWCY7Z,We are sorry that we have to reject your HIT because you missed more than 3 questions.
3TGOYF991ZC3DPO7JQM1VH7P9JTUUU,We are sorry that we have to reject your HIT because you missed more than 3 questions.
37FMASSAYEHJ8ZK1PIGS7ORQQ3XBIK,We are sorry that we have to reject your HIT because you missed more than 3 questions.
36V4Q8R5ZMQS8OCHTFBAU6T6TCKQMT,We are sorry that we have to reject your HIT because you missed more than 3 questions.
3YDGXNSEO1K6YUNF1HUEMLR6DF684Y,We are sorry that we have to reject your HIT because you missed more than 3 questions.
32Q90QCQ1UB8LXM9ZC3ULCCOL4YKE3,We are sorry that we have to reject your HIT because you missed more than 3 questions.
3N4BPTXIOAIPATJVPCIZPUYR7SNUKP,We are sorry that we have to reject your HIT because you missed more than 3 questions.
3STRJBFXOYHAAG46P7SPKYCPOESKT0,We are sorry that we have to reject your HIT because you missed more than 3 questions.
3X66WABAJY809DATK11J4TGYNYNG31,We are sorry that we have to reject your HIT because you missed more than 3 questions.
33FBRBDW6QP9TY0UUW0W5J3U5SOC8G,We are sorry that we have to reject your HIT because you missed more than 3 questions.
38F5OAUN5P2WAS6R6JMR2A4F70S7H2,We are sorry that we have to reject your HIT because you missed more than 3 questions.
3TVRFO09GM5SB3V8FH5NO1AAQAFXLT,We are sorry that we have to reject your HIT because you missed more than 3 questions.
35K3O9HUAD3X5BUVY1CX5ZKJD8KFEZ,We are sorry that we have to reject your HIT because you missed more than 3 questions.
3E7TUJ2EGECJCVPIZK1LPLGNAYI9D2,We are sorry that we have to reject your HIT because you missed more than 3 questions.
3PDJHANYK76D6SSMN9HZWW4JCPA6H4,We are sorry that we have to reject your HIT because you missed more than 3 questions.
3OXV7EAXLGGYCKLN8OSXS239TKM36O,We are sorry that we have to reject your HIT because you missed more than 3 questions.
3C2NJ6JBKC7HYNVW3509B3K3IWIN2E,We are sorry that we have to reject your HIT because you missed more than 3 questions.
32RIADZISUUOHE2OFF0J3CR7P9K4S1,We are sorry that we have to reject your HIT because you missed more than 3 questions.
3O7L7BFSHGFHF2WLZ9II8WXBT08EIL,We are sorry that we have to reject your HIT because you missed more than 3 questions.
34J10VATJHO6C5MQ80DI2DMPC3ZIQ4,We are sorry that we have to reject your HIT because you missed more than 3 questions.
3K772S5NPA1HJ7L1TR0X8KWWTNXEHW,We are sorry that we have to reject your HIT because you missed more than 3 questions.
3N4BPTXIOAIPATJVPCIZPUYR7S0UK2,We are sorry that we have to reject your HIT because you missed more than 3 questions.
3NAPMVF0ZY5SV239NYJKF6YDIHH72R,We are sorry that we have to reject your HIT because you missed more than 3 questions.
3AMW0RGHOFSDQUW253BL7GSWT63PNW,We are sorry that we have to reject your HIT because you missed more than 3 questions.
3JAOYWH7VKU2A7DAC1Z98YOSJ7SL92,We are sorry that we have to reject your HIT because you missed more than 3 questions.
3PIWWX1FJLWLLT2JVSE9HDP3BN3JJX,We are sorry that we have to reject your HIT because you missed more than 3 questions.
3QECW5O0KJR7SXJ3IKOJI9T7ROO5TR,We are sorry that we have to reject your HIT because you missed more than 3 questions.
3EO896NRAYLFZWYO7MSDJJCC9PQJTY,We are sorry that we have to reject your HIT because you missed more than 3 questions.
3RRCEFRB7O2P0SLM4TEODNH7LLU4BW,We are sorry that we have to reject your HIT because you missed more than 3 questions.
3B1NLC6UG1M7G2FGIZYQHWJZSUVPG2,We are sorry that we have to reject your HIT because you missed more than 3 questions.
39L1G8WVWSH35YKQ2IGGX6CSL9B31V,We are sorry that we have to reject your HIT because you missed more than 3 questions.
37WLF8U1WRG48ITUTUKW9OKB46C6K6,We are sorry that we have to reject your HIT because you missed more than 3 questions.
3L4PIM1GQV6SE6GVPXOLTRQIY83RYO,We are sorry that we have to reject your HIT because you missed more than 3 questions.
36AHBNMV1T2YDWXQ7WT1O29EJ74DYW,We are sorry that we have to reject your HIT because you missed more than 3 questions.
30MVJZJNHO3WFHPA9GNWSJB0FIKJ9V,We are sorry that we have to reject your HIT because you missed more than 3 questions.
338JKRMM28PETU4PDMYBC16588THAY,We are sorry that we have to reject your HIT because you missed more than 3 questions.
30OG32W0SW19T37CWPVAD4TSFZ0ENZ,We are sorry that we have to reject your HIT because you missed more than 3 questions.
3NGMS9VZTN8PBPURTCW3NH5JP9TFFB,We are sorry that we have to reject your HIT because you missed more than 3 questions.
3VJ40NV2QKDT07PLNZKIRFTY8JSTOJ,We are sorry that we have to reject your HIT because you missed more than 3 questions.
3PQMUDRV7TWTV7Y7VS89TBV3LTBIIU,We are sorry that we have to reject your HIT because you missed more than 3 questions.
38F5OAUN5P2WAS6R6JMR2A4F7007HA,We are sorry that we have to reject your HIT because you missed more than 3 questions.
3VAR3R6G1RRA2NXXK19N0JXBU6E8OG,We are sorry that we have to reject your HIT because you missed more than 3 questions.
3KIBXJ1WD7KUXOZYTQ6QQO62P67KOA,We are sorry that we have to reject your HIT because you missed more than 3 questions.
3VW6495TLLQ1B7SH3SGF1NJF1V8YYN,We are sorry that we have to reject your HIT because you missed more than 3 questions.
3X73LLYYQ34LDDYEMQ3GY7Q57FUHNK,We are sorry that we have to reject your HIT because you missed more than 3 questions.
3Q5C1WP23OR6JD7UG149C3ACZ5615N,We are sorry that we have to reject your HIT because you missed more than 3 questions.
3Y54SXRO1NBODC9IJLWRQLLNQ5FUTW,We are sorry that we have to reject your HIT because you missed more than 3 questions.
3KJYX6QCMB1UCO2DCHSSK10X6A1JV9,We are sorry that we have to reject your HIT because you missed more than 3 questions.
3PM8NZGV806320BL7MDJ5N940GYXQE,We are sorry that we have to reject your HIT because you missed more than 3 questions.
39O5D9O87VINS1UOIF50E2VJP623CL,We are sorry that we have to reject your HIT because you missed more than 3 questions.
384PI804XUR7IQKNWEDHR91U8X90SM,We are sorry that we have to reject your HIT because you missed more than 3 questions.
3PS7W85Z81SQTKLFLA10UPY9DK6T95,We are sorry that we have to reject your HIT because you missed more than 3 questions.
34PGFRQONQ17RD2I2RXO63JBDJ0WJT,We are sorry that we have to reject your HIT because you missed more than 3 questions.
3ZAZR5XV038ODU1H3M09I30Y41ZCZP,We are sorry that we have to reject your HIT because you missed more than 3 questions.
3ZWFC4W1UWXMEFZ0K7WX46J2SXHFRJ,We are sorry that we have to reject your HIT because you missed more than 3 questions.
324G5B4FB5YLZS0V8BF6WI5YLJK70U,We are sorry that we have to reject your HIT because you missed more than 3 questions.
3HYA4D452T95AVIF5HHW3YBUG5X2FN,We are sorry that we have to reject your HIT because you missed more than 3 questions.
37Z929RLGBY8YZHEUG1RBK3Z587TSS,We are sorry that we have to reject your HIT because you missed more than 3 questions.
3B1NLC6UG1M7G2FGIZYQHWJZSUIGPG,We are sorry that we have to reject your HIT because you missed more than 3 questions.
3QAPZX2QN63EDR3P2ZYB0ROQA3020B,We are sorry that we have to reject your HIT because you missed more than 3 questions.
3M81GAB8A29WPX8K2QL1GQICHDCBQL,We are sorry that we have to reject your HIT because you missed more than 3 questions.
32AT8R96GNZNYCW3ULR1GGP1OM1SU5,We are sorry that we have to reject your HIT because you missed more than 3 questions.
3HWRJOOET7S69GZH4LCWCY3Y2Y7ESA,We are sorry that we have to reject your HIT because you missed more than 3 questions.
3RWE2M8QWJ0A2DSIOIWVSFROLYSN0O,We are sorry that we have to reject your HIT because you missed more than 3 questions.
31QTRG6Q2V372T0GC5KWOWQ3XQ5YPT,We are sorry that we have to reject your HIT because you missed more than 3 questions.
3Z3ZLGNNSKKRM247NX6VY7K0TLXQ37,We are sorry that we have to reject your HIT because you missed more than 3 questions.
3DH6GAKTY0F1GX2MZEIYFUSH7PHYZJ,We are sorry that we have to reject your HIT because you missed more than 3 questions.
3DYGAII7PNYYTR9ULV32BAN1YHZQPT,We are sorry that we have to reject your HIT because you missed more than 3 questions.
3IGI0VL649AV5UK1Q3Y6IGN6J1AONH,We are sorry that we have to reject your HIT because you missed more than 3 questions.
3IFS6Q0HJK9IPL13042NXD1QUREISN,We are sorry that we have to reject your HIT because you missed more than 3 questions.
3G2UL9A02F4GD3MAA0VN5JFPYMC761,We are sorry that we have to reject your HIT because you missed more than 3 questions.
3Y54SXRO1NBODC9IJLWRQLLNQ5JUT0,We are sorry that we have to reject your HIT because you missed more than 3 questions.
3XLBSAQ9Z62I1D6LC5SY2H8K3QAZ7L,We are sorry that we have to reject your HIT because you missed more than 3 questions.
3ZSANO2JCHXYFUZDZWW2UGOYEZLFSS,We are sorry that we have to reject your HIT because you missed more than 3 questions.
3ZGVPD4G6V75ZB3SP8VZ7D02SNXZTT,We are sorry that we have to reject your HIT because you missed more than 3 questions.
34Z02EIMIU38XQX2LEI71EXGAGD0T1,We are sorry that we have to reject your HIT because you missed more than 3 questions.
39ZSFO5CAAMUZ9DD7RINOFYES3NUJQ,We are sorry that we have to reject your HIT because you missed more than 3 questions.
3ZSANO2JCHXYFUZDZWW2UGOYEZQFSX,We are sorry that we have to reject your HIT because you missed more than 3 questions.
39ZSFO5CAAMUZ9DD7RINOFYES3SUJV,We are sorry that we have to reject your HIT because you missed more than 3 questions.
3P59JYT76NAFT00G01MLK2QV7EZ2TP,We are sorry that we have to reject your HIT because you missed more than 3 questions.
3OJSZ2ATDUMKUZMW5HLIDD1P2RX57F,We are sorry that we have to reject your HIT because you missed more than 3 questions.
3TE22NPXPD25FT0DPE4159B1BTK44X,We are sorry that we have to reject your HIT because you missed more than 3 questions.
3ZSY5X72NZ1GKSCTJAFNR0SGKYZOR5,We are sorry that we have to reject your HIT because you missed more than 3 questions.
