assignment_id,feedback
3TUI152ZZDDVCZQS0TSCAE52ZMWQ10,"For this test pair of images:http://datasets.vqa.mmsp-kn.de/Middlebury-pics/amppilot/T_SRC09_lensblur_1.724964-SRC09_lensblur_6.243704.png, the left image is less degraded than the right one thus more similar to the reference image in the middle."
3COPXFW7XD2CIOBZ8QJ5FOBR3WAKP6,"For this test pair of images:http://datasets.vqa.mmsp-kn.de/Middlebury-pics/amppilot/T_SRC09_lensblur_1.724964-SRC09_lensblur_6.243704.png, the left image is less degraded than the right one thus more similar to the reference image in the middle."
3WRFBPLXRCE6J5RF75EEUDPUSVNN32,"For this test pair of images:http://datasets.vqa.mmsp-kn.de/Middlebury-pics/amppilot/T_SRC09_motionblur_4.142355-SRC09_motionblur_16.224422.png, the left image is less degraded than the right one thus more similar to the reference image in the middle."
3IX2EGZR7D92JHLW3XNIJ4BTPP0JR0,"For this test pair of images:http://datasets.vqa.mmsp-kn.de/Middlebury-pics/amppilot/T_SRC09_motionblur_4.142355-SRC09_motionblur_16.224422.png, the left image is less degraded than the right one thus more similar to the reference image in the middle."
3C44YUNSI3F44I5PG9XIBBG1JNEPDZ,"For this test pair of images:http://datasets.vqa.mmsp-kn.de/Middlebury-pics/amppilot/T_SRC09_multinoise_0.075396-SRC09_multinoise_0.001554.png, the right image is less degraded than the left one thus more similar to the reference image in the middle."
3GNA64GUZGUU0HRB1GUOD4IJB225QY,"For this test pair of images:http://datasets.vqa.mmsp-kn.de/Middlebury-pics/amppilot/T_SRC09_lensblur_1.724964-SRC09_lensblur_6.243704.png, the left image is less degraded than the right one thus more similar to the reference image in the middle."
32VNZTT0A9UCGZ2B0Q0ED2MA7S8R4F,"For this test pair of images:http://datasets.vqa.mmsp-kn.de/Middlebury-pics/amppilot/T_SRC17_sharpen_4.117251-SRC17_sharpen_0.495410.png, the right image is less degraded than the left one thus more similar to the reference image in the middle."
3180JW2OT62DEUNY6QAFG36XX7A5J7,"For this test pair of images:http://datasets.vqa.mmsp-kn.de/Middlebury-pics/amppilot/T_SRC17_sharpen_4.117251-SRC17_sharpen_0.495410.png, the right image is less degraded than the left one thus more similar to the reference image in the middle."
3UN61F00HYFUCI6BEVJOIUSO7O4R5L,"For this test pair of images:http://datasets.vqa.mmsp-kn.de/Middlebury-pics/amppilot/T_SRC17_sharpen_4.117251-SRC17_sharpen_0.495410.png, the right image is less degraded than the left one thus more similar to the reference image in the middle."
34HJIJKLP7M496JS9A5OEZBDSYM4VM,"For this test pair of images:http://datasets.vqa.mmsp-kn.de/Middlebury-pics/amppilot/T_SRC17_motionblur_30.415353-SRC17_motionblur_5.100733.png, the right image is less degraded than the left one thus more similar to the reference image in the middle."
3DL65MZB8F5Q2ZAL7ZMWXTZFKGXCEY,"For this test pair of images:http://datasets.vqa.mmsp-kn.de/Middlebury-pics/amppilot/T_SRC03_jitter_1.199113-SRC03_jitter_4.205559.png, the left image is less degraded than the right one thus more similar to the reference image in the middle."
3G5W44VEU9865BI057TILFXZ25MGKX,"For this test pair of images:http://datasets.vqa.mmsp-kn.de/Middlebury-pics/amppilot/T_SRC03_jitter_1.199113-SRC03_jitter_4.205559.png, the left image is less degraded than the right one thus more similar to the reference image in the middle."
36TFCYNS460QP7CIOWQPW9H2DEFXH3,"For this test pair of images:http://datasets.vqa.mmsp-kn.de/Middlebury-pics/amppilot/T_SRC28_colordiffusion_3.209379-SRC28_colordiffusion_1.304235.png, the right image is less degraded than the left one thus more similar to the reference image in the middle."
3Z2R0DQ0JJ4D4HIJA6XQLGQT8PN2EI,"For this test pair of images:http://datasets.vqa.mmsp-kn.de/Middlebury-pics/amppilot/T_SRC28_colordiffusion_3.209379-SRC28_colordiffusion_1.304235.png, the right image is less degraded than the left one thus more similar to the reference image in the middle."
3EJPLAJKEO6ZXDSGTVN6W38NC0XZ61,"For this test pair of images:http://datasets.vqa.mmsp-kn.de/Middlebury-pics/amppilot/T_SRC28_colordiffusion_3.209379-SRC28_colordiffusion_1.304235.png, the right image is less degraded than the left one thus more similar to the reference image in the middle."
3I33IC7ZWHSAE417U1V4PX02NASA2Y,"For this test pair of images:http://datasets.vqa.mmsp-kn.de/Middlebury-pics/amppilot/T_SRC28_colordiffusion_3.209379-SRC28_colordiffusion_1.304235.png, the right image is less degraded than the left one thus more similar to the reference image in the middle."
